{
    "GENHUMPS_n100": 17.842431005386356,
    "ARGLINA_n200": 199.99999999999943
}