{
    "GENHUMPS_n100": 17.842431005386356,
    "ARGLINA_n200": 199.99999999999943,
    "NONDIA_n50": 0.006056973220111353,
    "PENALTY2_n50": 4.296098135225354,
    "OSCIGRAD_n100": 1.086803629322515e-23,
    "TRIDIA_n50": 0.0,
    "PENALTY2_n100": 97096.08396363638,
    "POWELLSG_n40": 2.000488563612462e-10,
    "NCB20B_n100": 196.68014910907928
}