{
    "GENHUMPS_n100": 4.343230306922809e-13,
    "ARGLINA_n200": 199.99999999999503,
    "NONDIA_n50": 1.2866687697810082e-18,
    "PENALTY2_n50": 4.296098135225354,
    "OSCIGRAD_n100": 1.086803629322515e-23,
    "TRIDIA_n50": 0.0,
    "PENALTY2_n100": 97096.08396363638,
    "POWELLSG_n40": 2.000488563612462e-10,
    "NCB20B_n100": 196.68014910907928,
    "ROSENBR_n2": 4.0485818616339926e-18,
    "NONDIA_n20": 1.6803452418574533e-20,
    "SINQUAD_n50": 2.13178036646579e-08,
    "ARGLINC_n100": 101.12547050556205,
    "NCB20B_n22": 43.994000205583326,
    "QUARTC_n500": 1.246291606161944e-08,
    "OSCIGRAD_n25": 2.6086530927489516e-15,
    "LSC1LS_n3": 7.711852238819967,
    "EXTROSNB_n5": 9.528648879963069e-12,
    "SNAIL_n2": 1.5667105296078674e-16,
    "STREG_n4": 2.4521737821039996e-18,
    "EDENSCH_n36": 219.2845920207646,
    "BROWNDEN_n4": 85822.20135243254,
    "ENGVAL1_n100": 109.08813614309193,
    "INDEFM_n50": -5023.930174317897,
    "POWER_n20": 3.9325490468529453e-10,
    "SSCOSINE_n100": -99.0,
    "GAUSS2LS_n8": 1247.5282092309994,
    "HILBERTA_n4": 5.099775106511737e-09,
    "HATFLDD_n3": 6.656319679940077e-08,
    "QUARTC_n100": 7.206075663844048e-09,
    "ERRINROS_n50": 40.40449072931655,
    "MANCINO_n20": 2.3492327061288308e-26,
    "HUMPS_n2": 1.759763719061717e-12,
    "FLETCHBV_n10": -2601842.9111597566,
    "HYDC20LS_n99": 0.00010192755212428908,
    "TOINTGOR_n50": 1373.9054606636446,
    "MEYER3_n3": 87.94585517016903,
    "GENROSE_n10": 1.0,
    "NONDIA_n90": 7.782492588848068e-20,
    "OSCIPATH_n25": 0.9999666655201667,
    "EXPFIT_n2": 0.2405105939990581,
    "LUKSAN11LS_n100": 1.6194702182888678e-21,
    "WATSON_n31": 4.769095711001546e-07,
    "DENSCHNC_n2": 2.2892767457294776e-21,
    "VARDIM_n200": 3.2615519305995027e-23,
    "SSBRYBND_n50": 8.05239801704599e-18,
    "THURBERLS_n7": 5642.708239666956,
    "OSBORNEA_n5": 0.04795093984210183,
    "BENNETT5LS_n3": 0.0005389432802393733,
    "DIXON3DQ_n100": 9.512110320970485e-10,
    "NCB20B_n50": 99.50387789811936,
    "SPARSQUR_n50": 1.3693246126189926e-09,
    "ERRINRSM_n25": 17.825036624019063,
    "POWELLSG_n36": 3.3308969089085904e-09,
    "POWELLSG_n4": 1.533729803736818e-09,
    "DMN15333LS_n99": 1013.7010823452015,
    "PENALTY2_n200": 47116277287531.94,
    "CURLY20_n100": -10031.629024133126,
    "BA-L1LS_n57": 8.272310996509618e-25,
    "ARGTRIGLS_n200": 1.6172027210265248e-24,
    "OSCIPATH_n100": 0.9999666655201658,
    "OSCIGRAD_n15": 4.3417233019041455e-10,
    "ALLINITU_n4": 5.744384910320344,
    "DENSCHNF_n2": 1.5192908393215678e-64,
    "DQDRTIC_n50": 3.617860078458763e-25,
    "NONDIA_n30": 4.808313094369974e-16,
    "MEXHAT_n2": -0.040010000000000004,
    "DQDRTIC_n100": 1.3906542936063075e-25,
    "CHNRSNBM_n50": 3.615791450205359e-23,
    "SENSORS_n100": -2025.000000000001,
    "BOX_n100": -11.240442152328995,
    "ARGLINC_n50": 101.12547051361764,
    "FLETBV3M_n100": -1.8031757356608262,
    "BRYBND_n50": 1.2152363773424476e-17,
    "HEART6LS_n6": 1.8686609301394536e-11,
    "SENSORS_n2": -0.8437499999999978,
    "ARGLINA_n50": 349.9999999999972,
    "FLETCBV3_n10": -5.6276909564843075e-05,
    "DENSCHNB_n2": 4.797037627780392e-15,
    "SBRYBND_n100": 3.439747565233589e-28,
    "ARGLINB_n200": 99.62546813352076,
    "PALMER7C_n8": 0.6019872701037089,
    "EXTROSNB_n10": 5.000197187930292e-08,
    "QUARTC_n25": 4.491053518718968e-09,
    "NONCVXU2_n10": 23.168084197882298,
    "PALMER1D_n7": 0.652673985196179,
    "S308_n2": 0.7731990564929236,
    "TQUARTIC_n10": 3.8678836259117735e-28,
    "MGH10LS_n3": 1417875983.7270875,
    "ERRINRSM_n50": 37.72990290728629,
    "CUBE_n2": 1.5506355317041615e-26,
    "SCURLY10_n10": -1003.1629024133109,
    "BRYBND_n10": 1.314680308080957e-16,
    "NCB20B_n21": 41.997000114566625,
    "DQRTIC_n50": 5.745831950596136e-09,
    "ENGVAL1_n50": 53.58221488520762,
    "PALMER2C_n8": 0.01436890125170643,
    "BROYDNBDLS_n100": 8.543579204514928e-19,
    "POWELLSG_n16": 2.554463057547617e-09,
    "INDEF_n100": -199960001.95579416,
    "BROWNAL_n100": 1.89045724548576e-10,
    "TOINTPSP_n50": 225.5604094218858,
    "BA-L1SPLS_n57": 5.05257858811655e-25,
    "LANCZOS2LS_n6": 6.515139177260173e-08,
    "LIARWHD_n36": 2.9079138599676666e-26,
    "BROYDN3DLS_n50": 3.254976134005e-23,
    "CHNRSNBM_n25": 1.801577933086596e-27,
    "LUKSAN13LS_n98": 25188.859589645155,
    "BROYDNBDLS_n50": 1.2152363773759972e-17,
    "HIMMELBG_n2": 5.512345822442638e-22,
    "BROWNAL_n200": 1.043975065756026e-09,
    "CLIFF_n2": 0.19978661866259617,
    "LUKSAN15LS_n100": 3.569696877226679,
    "POWER_n100": 1.5323773666997786e-12,
    "PENALTY1_n50": 0.0004317867716910538,
    "ENGVAL1_n2": 0.0,
    "BROYDN3DLS_n10": 3.2720439334807425e-23,
    "DQDRTIC_n10": 1.7268707557160288e-26,
    "FLETCBV2_n10": -0.6154414573845821,
    "OSCIPATH_n10": 0.9438957607871843,
    "HILBERTB_n10": 1.328751158921859e-29,
    "MOREBV_n50": 9.312202590833662e-09,
    "BOXPOWER_n100": 6.380111176466595e-20,
    "OSCIGRAD_n2": 0.08202049097176317,
    "BRKMCC_n2": 0.16904267919645033,
    "CHNROSNB_n50": 3.799351953823588e-18,
    "JENSMP_n2": 124.36218235561483,
    "GENROSE_n100": 1.0,
    "RAT43LS_n4": 1076461.5963733997,
    "POWER_n75": 1.352811301399648e-10,
    "KOWOSB_n4": 0.00030780111153876706,
    "DQRTIC_n10": 3.2258444429831996e-09,
    "PALMER8C_n8": 0.15976791576034638,
    "BROWNAL_n10": 1.5751975941558597e-15,
    "LUKSAN21LS_n100": 2.0256479000655863e-18,
    "SCOSINE_n100": 65.92465677032753,
    "BEALE_n2": 4.828987926644876e-20,
    "OSCIPATH_n2": 1.7726903103567805e-19,
    "PALMER5C_n6": 2.1280866434545236,
    "ARGLINB_n100": 99.62546816185139,
    "BROYDN3DLS_n100": 3.254977060916564e-23,
    "TQUARTIC_n5": 1.0304495574449467e-29,
    "ERRINROS_n10": 7.1949689148860765,
    "VESUVIALS_n8": 2054.741984267344,
    "TRIDIA_n100": 0.0,
    "ARGTRIGLS_n50": 1.0731113726159278e-16,
    "ARGTRIGLS_n100": 2.6803074629267994e-16,
    "HIMMELBH_n2": -1.0,
    "ROSZMAN1LS_n4": 0.12286579035626106,
    "BARD_n3": 0.008214877318545555,
    "VARDIM_n50": 2.586685757448379e-21,
    "MISRA1ALS_n2": 0.12455138894708917,
    "DQRTIC_n100": 7.206075663873432e-09,
    "SSI_n3": 1.5147675751685158e-05,
    "FLETCHCR_n100": 5.915066958937807e-17,
    "GULF_n3": 3.655248964324923e-08,
    "SCHMVETT_n10": -23.999999999999996,
    "TRIDIA_n20": 7.850090453322373e-29,
    "ARGLINC_n200": 101.12547050138284,
    "VARDIM_n100": 0.0,
    "HIMMELBB_n2": 3.2471422141045797e-25,
    "OSCIGRAD_n10": 1.2220890905939717e-07,
    "NONDIA_n10": 0.9898968740951921,
    "DENSCHND_n3": 1.4397696954702182e-08,
    "POWELLSG_n20": 2.7451377024620907e-09,
    "BOX3_n3": 4.549768795302887e-10,
    "ROSENBRTU_n2": 1.825664921184651e-15,
    "AKIVA_n2": 6.166042212417745,
    "ARGTRIGLS_n10": 2.942231153427653e-16,
    "KIRBY2LS_n5": 3.9050739623908575,
    "ARWHEAD_n100": 0.0,
    "SSBRYBND_n10": 2.5052496716589164e-30,
    "FLETBV3M_n10": -5.625163525925279e-05,
    "LIARWHD_n100": 1.7730696075591203e-20,
    "LUKSAN12LS_n98": 4150.013938696788,
    "PALMER6C_n8": 0.016390597756797257,
    "BROYDNBDLS_n10": 1.3146802997048887e-16,
    "CHNROSNB_n10": 2.488882992160398e-15,
    "SCHMVETT_n100": -294.0,
    "OSCIPATH_n5": 1.2551391541744346e-08,
    "SPARSINE_n50": 2.0531727277719264e-15,
    "DENSCHNA_n2": 2.209288256163521e-17,
    "DIXON3DQ_n10": 3.0445100560873424e-30,
    "FLETCHBV_n100": -4024419866848.0933,
    "ERRINRSM_n10": 6.213741501439842,
    "BOXPOWER_n10": 6.55475462610693e-08,
    "ERRINROS_n25": 18.96124275071921,
    "EXTROSNB_n100": 2.423545064460996e-07,
    "LUKSAN22LS_n100": 868.9145987353874,
    "SCHMVETT_n3": -2.9999999999999996,
    "ENSOLS_n9": 788.5397866669983,
    "PENALTY1_n100": 0.0009024921586140222,
    "SPARSQUR_n100": 1.3639763093078283e-09,
    "SCURLY20_n100": -10010.125537723929,
    "FREUROTH_n50": 5880.958861943225,
    "VESUVIOLS_n8": 991.4100028725746,
    "OSCIGRAD_n5": 8.701209047535949e-05,